channel,assoc_core,nonassoc_core,bkg,hour_all
0,11,64,21920,0
1,7,36,22302,0
2,20,63,33807,0
3,25,96,49341,0
4,17,147,73519,0
5,18,252,96012,0
6,8,295,116941,0
7,13,379,144919,0
8,12,437,180806,0
9,15,491,203558,589
10,9,605,237235,1081181
11,13,655,247317,7185644
12,14,680,243856,11883602
13,17,619,237435,11885725
14,11,634,234141,11082162
15,22,680,233866,11447078
16,17,611,236325,11721966
17,22,635,254712,12243026
18,31,558,245697,11804042
19,22,533,234944,9894802
20,19,460,196211,7740101
21,19,405,162886,6090525
22,19,434,140905,5203371
23,22,341,121462,4793111
24,24,367,112969,4559629
25,17,377,107968,4613170
26,21,380,109319,4734615
27,21,349,109322,5011026
28,40,369,111563,5062181
29,19,406,113200,5081078
30,27,425,117789,4754328
31,24,375,114463,4488733
32,29,428,116590,4142045
33,29,367,114421,3936733
34,26,377,106034,3653797
35,28,354,97492,3389967
36,23,395,88863,3177349
37,19,321,73818,2708942
38,21,286,60648,2392940
39,18,287,56804,2295655
40,16,274,53222,2194543
41,22,264,50359,2116064
42,28,278,49425,2015179
43,27,266,47361,1931971
44,30,259,45507,1849185
45,23,273,43977,1785532
46,18,269,42745,1735902
47,18,245,40264,1675157
48,13,257,39086,1620999
49,16,234,38201,1565870
50,16,234,37206,1518158
51,18,265,36659,1472005
52,22,228,35936,1455191
53,17,257,36228,1465398
54,21,222,35427,1466740
55,27,247,35471,1479993
56,12,211,35561,1475755
57,11,220,35197,1507982
58,17,219,33811,1638539
59,19,205,35204,1887126
60,20,197,37682,2150260
61,17,191,41927,2319132
62,14,192,45768,2376471
63,20,187,46909,2319758
64,13,180,45780,2177531
65,15,201,42120,1953506
66,17,201,39221,1739648
67,9,181,36971,1561650
68,12,170,35138,1456939
69,12,187,32927,1363494
70,14,176,31256,1258981
71,12,165,28482,1179825
72,14,174,27335,1124639
73,19,156,25845,1109487
74,11,132,25112,1106544
75,10,147,24529,1080063
76,8,146,24768,1040930
77,8,137,24468,991314
78,13,147,23861,927449
79,16,128,22150,853834
80,9,121,20270,776653
81,14,120,18423,703736
82,3,115,17408,643392
83,6,127,16396,597447
84,10,101,15657,558666
85,9,110,14648,526654
86,12,91,13718,501426
87,7,109,13202,489879
88,12,97,12590,477154
89,8,89,12247,469820
90,9,88,12198,462678
91,7,88,12046,458447
92,7,82,11827,454073
93,1,103,12079,462673
94,9,85,11670,485845
95,4,89,11427,534494
96,3,77,12087,600829
97,9,97,12750,650928
98,9,84,13605,672736
99,8,91,14427,669539
100,3,103,14672,645664
101,10,71,14179,617088
102,8,76,13819,585791
103,15,85,13162,551872
104,7,93,13644,552300
105,5,85,12346,455647
106,4,84,12376,455064
107,8,89,12340,491256
108,5,75,11829,421126
109,2,75,11287,448264
110,6,53,10430,440277
111,3,56,10140,455464
112,4,74,10058,435935
113,3,60,10361,429250
114,5,68,9587,397885
115,6,71,9601,397338
116,3,62,9060,364179
117,7,63,8556,341879
118,4,69,7995,333593
119,7,55,7750,312325
120,8,54,7469,308105
121,3,52,7224,300869
122,7,42,6946,296858
123,5,57,6747,286549
124,2,56,6689,287182
125,3,48,6483,285024
126,7,62,6391,281247
127,4,44,6263,284564
128,3,51,6332,278151
129,1,45,6152,279705
130,1,48,6057,276048
131,6,53,5995,275769
132,4,54,6003,271858
133,0,63,6105,273726
134,2,46,5338,266568
135,3,37,3596,265933
136,2,18,2796,259615
137,3,32,3838,261348
138,3,39,4807,258808
139,6,44,5131,258199
140,4,48,5617,256804
141,2,42,5638,257447
142,2,37,5610,258393
143,5,38,5355,252282
144,3,43,5576,254656
145,3,41,5311,250435
146,3,34,5404,245201
147,2,40,5187,243731
148,0,43,5220,234963
149,4,53,4962,234784
150,6,39,5005,224672
151,4,42,4878,224623
152,2,38,4763,214837
153,2,37,4649,214631
154,2,35,4485,207761
155,4,39,4423,205349
156,3,38,4310,198178
157,5,29,4203,196399
158,3,47,4114,192525
159,4,40,3947,188326
160,4,42,3914,182843
161,3,29,3897,179686
162,4,42,3708,175414
163,3,35,3631,171228
164,6,42,3536,165883
165,4,34,3539,163388
166,2,32,3580,159064
167,3,36,3331,155989
168,6,36,3300,151101
169,2,17,3069,146266
170,3,36,3159,145320
171,4,39,3060,139433
172,4,38,2924,135419
173,4,39,2928,133914
174,5,36,2816,127244
175,2,42,2830,124024
176,0,27,2557,119278
177,4,30,2491,114939
178,2,23,2401,111583
179,2,29,2277,108129
180,4,36,2333,103572
181,0,21,2262,99577
182,1,28,2215,95558
183,3,29,2153,91089
184,1,32,2095,88024
185,4,39,1997,83592
186,3,43,1769,80520
187,2,30,1804,76430
188,3,31,1712,73386
189,1,31,1698,69795
190,7,35,1558,66513
191,0,35,1476,63882
192,2,35,1557,61830
193,0,33,1415,59462
194,7,34,1422,57806
195,1,32,1359,55230
196,2,30,1250,53754
197,1,24,1294,52034
198,4,31,1171,50585
199,4,33,1139,49548
200,4,30,1187,48411
201,3,37,1113,47843
202,3,37,1076,47327
203,2,33,1119,46226
204,2,32,1071,45758
205,2,26,1069,45144
206,5,32,934,44765
207,3,35,1035,44964
208,5,30,1071,44307
209,3,30,1006,44302
210,1,38,1060,45003
211,6,31,984,44819
212,2,31,1011,45001
213,3,42,964,45267
214,5,25,980,46187
215,4,27,1084,46935
216,5,33,1009,47561
217,1,31,1108,48555
218,4,33,1090,49487
219,0,38,1099,50716
220,7,40,1179,52163
221,4,29,1145,53868
222,4,39,1195,56219
223,2,36,1201,59561
224,4,31,1218,62525
225,1,29,1291,66810
226,4,23,1254,72588
227,2,28,1344,78450
228,2,27,1340,86182
229,3,38,1375,94910
230,3,24,1527,106747
231,4,31,1566,122742
232,3,37,1650,143013
233,8,22,1781,167886
234,3,28,1990,199976
235,4,29,2153,238185
236,2,31,2447,281842
237,8,30,2692,324229
238,3,27,2860,371129
239,4,32,2671,346649
240,5,30,2218,239406
241,8,20,2350,276899
242,4,34,2744,297915
243,4,22,2381,228317
244,4,28,2743,250327
245,6,22,2772,100540
246,0,18,2885,86610
247,4,25,2785,91131
248,3,34,2577,11717
249,0,18,2028,0
250,1,30,1899,0
251,0,26,1875,0
252,0,14,1661,0
253,0,21,1665,0
254,0,17,1625,0
255,0,497,89391,0
256,0,0,0,0
257,0,0,0,0
258,0,0,0,0
259,0,0,0,0
# bkg_seconds=1574.1 hour_seconds=64081.0
